Alicante/Alacant,La Marina Alta,03001,"Atzúbia, l'"
Alicante/Alacant,L'Alacantí,03002,Agost
Alicante/Alacant,El Comtat,03003,Agres
Alicante/Alacant,L'Alacantí,03004,Aigües
Alicante/Alacant,El Baix Segura / La Vega Baja,03005,Albatera
Alicante/Alacant,La Marina Alta,03006,Alcalalí
Alicante/Alacant,El Comtat,03007,Alcosser
Alicante/Alacant,El Comtat,03008,Alcoleja
Alicante/Alacant,L'Alcoià,03009,Alcoi/Alcoy
Alicante/Alacant,El Comtat,03010,Alfafara
Alicante/Alacant,La Marina Baixa,03011,"Alfàs del Pi, l'"
Alicante/Alacant,El Baix Segura / La Vega Baja,03012,Algorfa
Alicante/Alacant,El Vinalopó Mitjà / El Vinalopó Medio,03013,Algueña
Alicante/Alacant,L'Alacantí,03014,Alacant/Alicante
Alicante/Alacant,El Baix Segura / La Vega Baja,03015,Almoradí
Alicante/Alacant,El Comtat,03016,Almudaina
Alicante/Alacant,El Comtat,03017,"Alqueria d'Asnar, l'"
Alicante/Alacant,La Marina Baixa,03018,Altea
Alicante/Alacant,El Vinalopó Mitjà / El Vinalopó Medio,03019,Aspe
Alicante/Alacant,El Comtat,03020,Balones
Alicante/Alacant,L'Alcoià,03021,Banyeres de Mariola
Alicante/Alacant,El Comtat,03022,Benasau
Alicante/Alacant,L'Alt Vinalopó / Alto Vinalopó,03023,Beneixama
Alicante/Alacant,El Baix Segura / La Vega Baja,03024,Benejúzar
Alicante/Alacant,El Baix Segura / La Vega Baja,03025,Benferri
Alicante/Alacant,La Marina Alta,03026,Beniarbeig
Alicante/Alacant,La Marina Baixa,03027,Beniardà
Alicante/Alacant,El Comtat,03028,Beniarrés
Alicante/Alacant,La Marina Alta,03029,Benigembla
Alicante/Alacant,La Marina Alta,03030,Benidoleig
Alicante/Alacant,La Marina Baixa,03031,Benidorm
Alicante/Alacant,L'Alcoià,03032,Benifallim
Alicante/Alacant,La Marina Baixa,03033,Benifato
Alicante/Alacant,El Baix Segura / La Vega Baja,03034,Benijófar
Alicante/Alacant,El Comtat,03035,Benilloba
Alicante/Alacant,El Comtat,03036,Benillup
Alicante/Alacant,La Marina Baixa,03037,Benimantell
Alicante/Alacant,El Comtat,03038,Benimarfull
Alicante/Alacant,El Comtat,03039,Benimassot
Alicante/Alacant,La Marina Alta,03040,Benimeli
Alicante/Alacant,La Marina Alta,03041,Benissa
Alicante/Alacant,La Marina Alta,03042,"Poble Nou de Benitatxell, el/Benitachell"
Alicante/Alacant,L'Alt Vinalopó / Alto Vinalopó,03043,Biar
Alicante/Alacant,El Baix Segura / La Vega Baja,03044,Bigastro
Alicante/Alacant,La Marina Baixa,03045,Bolulla
Alicante/Alacant,L'Alacantí,03046,Busot
Alicante/Alacant,La Marina Alta,03047,Calp
Alicante/Alacant,La Marina Baixa,03048,Callosa d'en Sarrià
Alicante/Alacant,El Baix Segura / La Vega Baja,03049,Callosa de Segura
Alicante/Alacant,L'Alacantí,03050,"Campello, el"
Alicante/Alacant,L'Alt Vinalopó / Alto Vinalopó,03051,"Camp de Mirra, el/Campo de Mirra"
Alicante/Alacant,L'Alt Vinalopó / Alto Vinalopó,03052,Cañada
Alicante/Alacant,L'Alcoià,03053,Castalla
Alicante/Alacant,La Marina Alta,03054,Castell de Castells
Alicante/Alacant,El Baix Segura / La Vega Baja,03055,Catral
Alicante/Alacant,El Comtat,03056,Cocentaina
Alicante/Alacant,La Marina Baixa,03057,Confrides
Alicante/Alacant,El Baix Segura / La Vega Baja,03058,Cox
Alicante/Alacant,El Baix Vinalopó,03059,Crevillent
Alicante/Alacant,El Comtat,03060,Quatretondeta
Alicante/Alacant,El Baix Segura / La Vega Baja,03061,Daya Nueva
Alicante/Alacant,El Baix Segura / La Vega Baja,03062,Daya Vieja
Alicante/Alacant,La Marina Alta,03063,Dénia
Alicante/Alacant,El Baix Segura / La Vega Baja,03064,Dolores
Alicante/Alacant,El Baix Vinalopó,03065,Elx/Elche
Alicante/Alacant,El Vinalopó Mitjà / El Vinalopó Medio,03066,Elda
Alicante/Alacant,El Comtat,03067,Fageca
Alicante/Alacant,El Comtat,03068,Famorca
Alicante/Alacant,La Marina Baixa,03069,Finestrat
Alicante/Alacant,El Baix Segura / La Vega Baja,03070,Formentera del Segura
Alicante/Alacant,La Marina Alta,03071,Gata de Gorgos
Alicante/Alacant,El Comtat,03072,Gaianes
Alicante/Alacant,El Comtat,03073,Gorga
Alicante/Alacant,El Baix Segura / La Vega Baja,03074,Granja de Rocamora
Alicante/Alacant,La Marina Baixa,03075,"Castell de Guadalest, el"
Alicante/Alacant,El Baix Segura / La Vega Baja,03076,Guardamar del Segura
Alicante/Alacant,El Vinalopó Mitjà / El Vinalopó Medio,03077,"Fondó de les Neus, el/Hondón de las Nieves"
Alicante/Alacant,El Vinalopó Mitjà / El Vinalopó Medio,03078,Hondón de los Frailes
Alicante/Alacant,L'Alcoià,03079,Ibi
Alicante/Alacant,El Baix Segura / La Vega Baja,03080,Jacarilla
Alicante/Alacant,La Marina Alta,03081,Xaló
Alicante/Alacant,La Marina Alta,03082,Xàbia/Jávea
Alicante/Alacant,L'Alacantí,03083,Xixona/Jijona
Alicante/Alacant,El Comtat,03084,"Orxa, l'/Lorcha"
Alicante/Alacant,La Marina Alta,03085,Llíber
Alicante/Alacant,El Comtat,03086,Millena
Alicante/Alacant,El Vinalopó Mitjà / El Vinalopó Medio,03088,Monforte del Cid
Alicante/Alacant,El Vinalopó Mitjà / El Vinalopó Medio,03089,Monòver/Monóvar
Alicante/Alacant,L'Alacantí,03090,Mutxamel
Alicante/Alacant,La Marina Alta,03091,Murla
Alicante/Alacant,El Comtat,03092,Muro de Alcoy
Alicante/Alacant,El Vinalopó Mitjà / El Vinalopó Medio,03093,Novelda
Alicante/Alacant,La Marina Baixa,03094,"Nucia, la"
Alicante/Alacant,La Marina Alta,03095,Ondara
Alicante/Alacant,L'Alcoià,03096,Onil
Alicante/Alacant,La Marina Alta,03097,Orba
Alicante/Alacant,La Marina Baixa,03098,Orxeta
Alicante/Alacant,El Baix Segura / La Vega Baja,03099,Orihuela
Alicante/Alacant,La Marina Alta,03100,Parcent
Alicante/Alacant,La Marina Alta,03101,Pedreguer
Alicante/Alacant,La Marina Alta,03102,Pego
Alicante/Alacant,L'Alcoià,03103,Penàguila
Alicante/Alacant,El Vinalopó Mitjà / El Vinalopó Medio,03104,Petrer
Alicante/Alacant,El Vinalopó Mitjà / El Vinalopó Medio,03105,"Pinós, el/Pinoso"
Alicante/Alacant,El Comtat,03106,Planes
Alicante/Alacant,La Marina Baixa,03107,Polop
Alicante/Alacant,El Baix Segura / La Vega Baja,03109,Rafal
Alicante/Alacant,La Marina Alta,03110,"Ràfol d'Almúnia, el"
Alicante/Alacant,El Baix Segura / La Vega Baja,03111,Redován
Alicante/Alacant,La Marina Baixa,03112,Relleu
Alicante/Alacant,El Baix Segura / La Vega Baja,03113,Rojales
Alicante/Alacant,El Vinalopó Mitjà / El Vinalopó Medio,03114,"Romana, la"
Alicante/Alacant,La Marina Alta,03115,Sagra
Alicante/Alacant,L'Alt Vinalopó / Alto Vinalopó,03116,Salinas
Alicante/Alacant,La Marina Alta,03117,Sanet y Negrals
Alicante/Alacant,El Baix Segura / La Vega Baja,03118,San Fulgencio
Alicante/Alacant,L'Alacantí,03119,Sant Joan d'Alacant
Alicante/Alacant,El Baix Segura / La Vega Baja,03120,San Miguel de Salinas
Alicante/Alacant,El Baix Vinalopó,03121,Santa Pola
Alicante/Alacant,L'Alacantí,03122,Sant Vicent del Raspeig/San Vicente del Raspeig
Alicante/Alacant,L'Alt Vinalopó / Alto Vinalopó,03123,Sax
Alicante/Alacant,La Marina Baixa,03124,Sella
Alicante/Alacant,La Marina Alta,03125,Senija
Alicante/Alacant,La Marina Baixa,03127,Tàrbena
Alicante/Alacant,La Marina Alta,03128,Teulada
Alicante/Alacant,L'Alcoià,03129,Tibi
Alicante/Alacant,El Comtat,03130,Tollos
Alicante/Alacant,La Marina Alta,03131,Tormos
Alicante/Alacant,L'Alacantí,03132,"Torre de les Maçanes, la/Torremanzanas"
Alicante/Alacant,El Baix Segura / La Vega Baja,03133,Torrevieja
Alicante/Alacant,La Marina Alta,03134,"Vall d'Alcalà, la"
Alicante/Alacant,La Marina Alta,03135,"Vall d'Ebo, la"
Alicante/Alacant,La Marina Alta,03136,"Vall de Gallinera, la"
Alicante/Alacant,La Marina Alta,03137,"Vall de Laguar, la"
Alicante/Alacant,La Marina Alta,03138,"Verger, el"
Alicante/Alacant,La Marina Baixa,03139,"Vila Joiosa, la/Villajoyosa"
Alicante/Alacant,L'Alt Vinalopó / Alto Vinalopó,03140,Villena
Alicante/Alacant,La Marina Alta,03901,"Poblets, els"
Alicante/Alacant,El Baix Segura / La Vega Baja,03902,Pilar de la Horadada
Alicante/Alacant,El Baix Segura / La Vega Baja,03903,"Montesinos, Los"
Alicante/Alacant,El Baix Segura / La Vega Baja,03904,San Isidro
Castellón/Castelló,L'Alt Maestrat,12001,Atzeneta del Maestrat
Castellón/Castelló,La Plana Baixa,12002,Aín
Castellón/Castelló,L'Alt Maestrat,12003,Albocàsser
Castellón/Castelló,El Baix Maestrat,12004,Alcalà de Xivert
Castellón/Castelló,L'Alcalatén,12005,"Alcora, l'"
Castellón/Castelló,La Plana Baixa,12006,Alcudia de Veo
Castellón/Castelló,La Plana Baixa,12007,Alfondeguilla
Castellón/Castelló,El Alto Palancia,12008,Algimia de Almonacid
Castellón/Castelló,La Plana Alta,12009,Almassora
Castellón/Castelló,El Alto Palancia,12010,Almedíjar
Castellón/Castelló,La Plana Baixa,12011,Almenara
Castellón/Castelló,El Alto Palancia,12012,Altura
Castellón/Castelló,El Alto Mijares,12013,Arañuel
Castellón/Castelló,L'Alt Maestrat,12014,Ares del Maestrat
Castellón/Castelló,El Alto Mijares,12015,Argelita
Castellón/Castelló,La Plana Baixa,12016,Artana
Castellón/Castelló,El Alto Mijares,12017,Ayódar
Castellón/Castelló,El Alto Palancia,12018,Azuébar
Castellón/Castelló,El Alto Palancia,12020,Barracas
Castellón/Castelló,La Plana Baixa,12021,Betxí
Castellón/Castelló,El Alto Palancia,12022,Bejís
Castellón/Castelló,El Alto Palancia,12024,Benafer
Castellón/Castelló,L'Alt Maestrat,12025,Benafigos
Castellón/Castelló,L'Alt Maestrat,12026,Benassal
Castellón/Castelló,El Baix Maestrat,12027,Benicarló
Castellón/Castelló,La Plana Alta,12028,Benicàssim/Benicasim
Castellón/Castelló,La Plana Alta,12029,Benlloc
Castellón/Castelló,La Plana Alta,12031,Borriol
Castellón/Castelló,La Plana Baixa,12032,Borriana/Burriana
Castellón/Castelló,La Plana Alta,12033,Cabanes
Castellón/Castelló,El Baix Maestrat,12034,Càlig
Castellón/Castelló,El Baix Maestrat,12036,Canet lo Roig
Castellón/Castelló,El Baix Maestrat,12037,Castell de Cabres
Castellón/Castelló,Els Ports,12038,Castellfort
Castellón/Castelló,El Alto Palancia,12039,Castellnovo
Castellón/Castelló,La Plana Alta,12040,Castelló de la Plana
Castellón/Castelló,El Alto Mijares,12041,Castillo de Villamalefa
Castellón/Castelló,L'Alt Maestrat,12042,Catí
Castellón/Castelló,El Alto Palancia,12043,Caudiel
Castellón/Castelló,El Baix Maestrat,12044,Cervera del Maestre
Castellón/Castelló,Els Ports,12045,Cinctorres
Castellón/Castelló,El Alto Mijares,12046,Cirat
Castellón/Castelló,El Alto Mijares,12048,Cortes de Arenoso
Castellón/Castelló,L'Alcalatén,12049,Costur
Castellón/Castelló,La Plana Alta,12050,"Coves de Vinromà, les"
Castellón/Castelló,L'Alt Maestrat,12051,Culla
Castellón/Castelló,El Baix Maestrat,12052,Xert
Castellón/Castelló,La Plana Baixa,12053,Chilches/Xilxes
Castellón/Castelló,L'Alcalatén,12055,Xodos/Chodos
Castellón/Castelló,El Alto Palancia,12056,Chóvar
Castellón/Castelló,La Plana Baixa,12057,Eslida
Castellón/Castelló,El Alto Mijares,12058,Espadilla
Castellón/Castelló,El Alto Mijares,12059,Fanzara
Castellón/Castelló,L'Alcalatén,12060,Figueroles
Castellón/Castelló,Els Ports,12061,Forcall
Castellón/Castelló,El Alto Mijares,12063,Fuente la Reina
Castellón/Castelló,El Alto Mijares,12064,Fuentes de Ayódar
Castellón/Castelló,El Alto Palancia,12065,Gaibiel
Castellón/Castelló,El Alto Palancia,12067,Geldo
Castellón/Castelló,Els Ports,12068,Herbers
Castellón/Castelló,El Alto Palancia,12069,Higueras
Castellón/Castelló,El Baix Maestrat,12070,"Jana, la"
Castellón/Castelló,El Alto Palancia,12071,Jérica
Castellón/Castelló,L'Alcalatén,12072,Llucena/Lucena del Cid
Castellón/Castelló,El Alto Mijares,12073,Ludiente
Castellón/Castelló,La Plana Baixa,12074,"Llosa, la"
Castellón/Castelló,Els Ports,12075,"Mata de Morella, la"
Castellón/Castelló,El Alto Palancia,12076,Matet
Castellón/Castelló,La Plana Baixa,12077,Moncofa
Castellón/Castelló,El Alto Mijares,12078,Montán
Castellón/Castelló,El Alto Mijares,12079,Montanejos
Castellón/Castelló,Els Ports,12080,Morella
Castellón/Castelló,El Alto Palancia,12081,Navajas
Castellón/Castelló,La Plana Baixa,12082,Nules
Castellón/Castelló,Els Ports,12083,Olocau del Rey
Castellón/Castelló,La Plana Baixa,12084,Onda
Castellón/Castelló,La Plana Alta,12085,Orpesa/Oropesa del Mar
Castellón/Castelló,Els Ports,12087,Palanques
Castellón/Castelló,El Alto Palancia,12088,Pavías
Castellón/Castelló,El Baix Maestrat,12089,Peníscola/Peñíscola
Castellón/Castelló,El Alto Palancia,12090,Pina de Montalgrao
Castellón/Castelló,Els Ports,12091,Portell de Morella
Castellón/Castelló,El Alto Mijares,12092,Puebla de Arenoso
Castellón/Castelló,El Baix Maestrat,12093,"Pobla de Benifassà, la"
Castellón/Castelló,La Plana Alta,12094,"Pobla Tornesa, la"
Castellón/Castelló,La Plana Baixa,12095,Ribesalbes
Castellón/Castelló,El Baix Maestrat,12096,Rossell
Castellón/Castelló,El Alto Palancia,12097,Sacañet
Castellón/Castelló,El Baix Maestrat,12098,"Salzadella, la"
Castellón/Castelló,El Baix Maestrat,12099,Sant Jordi/San Jorge
Castellón/Castelló,El Baix Maestrat,12100,Sant Mateu
Castellón/Castelló,El Baix Maestrat,12101,San Rafael del Río
Castellón/Castelló,El Baix Maestrat,12102,Santa Magdalena de Pulpis
Castellón/Castelló,L'Alt Maestrat,12103,"Serratella, la"
Castellón/Castelló,El Alto Palancia,12104,Segorbe
Castellón/Castelló,La Plana Alta,12105,Sierra Engarcerán
Castellón/Castelló,El Alto Palancia,12106,Soneja
Castellón/Castelló,El Alto Palancia,12107,Sot de Ferrer
Castellón/Castelló,La Plana Baixa,12108,Suera/Sueras
Castellón/Castelló,La Plana Baixa,12109,Tales
Castellón/Castelló,El Alto Palancia,12110,Teresa
Castellón/Castelló,L'Alt Maestrat,12111,Tírig
Castellón/Castelló,Els Ports,12112,Todolella
Castellón/Castelló,El Alto Mijares,12113,Toga
Castellón/Castelló,El Alto Palancia,12114,Torás
Castellón/Castelló,El Alto Palancia,12115,"Toro, El"
Castellón/Castelló,El Alto Mijares,12116,Torralba del Pinar
Castellón/Castelló,La Plana Alta,12117,Torreblanca
Castellón/Castelló,El Alto Mijares,12118,Torrechiva
Castellón/Castelló,L'Alt Maestrat,12119,"Torre d'en Besora, la"
Castellón/Castelló,La Plana Alta,12120,"Torre d'en Doménec, la"
Castellón/Castelló,El Baix Maestrat,12121,Traiguera
Castellón/Castelló,L'Alcalatén,12122,"Useres, les/Useras"
Castellón/Castelló,El Alto Mijares,12123,Vallat
Castellón/Castelló,La Plana Alta,12124,Vall d'Alba
Castellón/Castelló,El Alto Palancia,12125,Vall de Almonacid
Castellón/Castelló,La Plana Baixa,12126,"Vall d'Uixó, la"
Castellón/Castelló,Els Ports,12127,Vallibona
Castellón/Castelló,La Plana Alta,12128,Vilafamés
Castellón/Castelló,Els Ports,12129,Vilafranca/Villafranca del Cid
Castellón/Castelló,El Alto Mijares,12130,Villahermosa del Río
Castellón/Castelló,El Alto Mijares,12131,Villamalur
Castellón/Castelló,La Plana Alta,12132,Vilanova d'Alcolea
Castellón/Castelló,El Alto Mijares,12133,Villanueva de Viver
Castellón/Castelló,L'Alt Maestrat,12134,Vilar de Canes
Castellón/Castelló,La Plana Baixa,12135,Vila-real
Castellón/Castelló,La Plana Baixa,12136,"Vilavella, la"
Castellón/Castelló,Els Ports,12137,Villores
Castellón/Castelló,El Baix Maestrat,12138,Vinaròs
Castellón/Castelló,L'Alt Maestrat,12139,Vistabella del Maestrat
Castellón/Castelló,El Alto Palancia,12140,Viver
Castellón/Castelló,Els Ports,12141,Zorita del Maestrazgo
Castellón/Castelló,El Alto Mijares,12142,Zucaina
Castellón/Castelló,La Plana Baixa,12901,"Alqueries, les/Alquerías del Niño Perdido"
Castellón/Castelló,La Plana Alta,12902,Sant Joan de Moró
Valencia/València,El Rincón de Ademuz,46001,Ademuz
Valencia/València,La Safor,46002,Ador
Valencia/València,La Vall d'Albaida,46003,Atzeneta d'Albaida
Valencia/València,La Vall d'Albaida,46004,Agullent
Valencia/València,L'Horta Sud,46005,Alaquàs
Valencia/València,La Vall d'Albaida,46006,Albaida
Valencia/València,L'Horta Sud,46007,Albal
Valencia/València,La Ribera Baixa,46008,Albalat de la Ribera
Valencia/València,L'Horta Nord,46009,Albalat dels Sorells
Valencia/València,El Camp de Morvedre,46010,Albalat dels Tarongers
Valencia/València,La Ribera Alta,46011,Alberic
Valencia/València,La Hoya de Buñol,46012,Alborache
Valencia/València,L'Horta Nord,46013,Alboraia/Alboraya
Valencia/València,L'Horta Nord,46014,Albuixech
Valencia/València,L'Horta Sud,46015,Alcàsser
Valencia/València,La Ribera Alta,46016,Alcàntera de Xúquer
Valencia/València,La Ribera Alta,46017,Alzira
Valencia/València,Los Serranos,46018,Alcublas
Valencia/València,La Ribera Alta,46019,"Alcúdia, l'"
Valencia/València,La Costera,46020,"Alcúdia de Crespins, l'"
Valencia/València,L'Horta Sud,46021,Aldaia
Valencia/València,L'Horta Sud,46022,Alfafar
Valencia/València,La Safor,46023,Alfauir
Valencia/València,El Camp de Morvedre,46024,Alfara de la Baronia
Valencia/València,L'Horta Nord,46025,Alfara del Patriarca
Valencia/València,La Ribera Alta,46026,Alfarb
Valencia/València,La Vall d'Albaida,46027,Alfarrasí
Valencia/València,El Camp de Morvedre,46028,Algar de Palància
Valencia/València,La Ribera Alta,46029,Algemesí
Valencia/València,El Camp de Morvedre,46030,Algímia d'Alfara
Valencia/València,La Ribera Alta,46031,Alginet
Valencia/València,L'Horta Nord,46032,Almàssera
Valencia/València,La Safor,46033,Almiserà
Valencia/València,La Safor,46034,Almoines
Valencia/València,La Ribera Baixa,46035,Almussafes
Valencia/València,Los Serranos,46036,Alpuente
Valencia/València,La Safor,46037,"Alqueria de la Comtessa, l'"
Valencia/València,Los Serranos,46038,Andilla
Valencia/València,La Canal de Navarrés,46039,Anna
Valencia/València,La Ribera Alta,46040,Antella
Valencia/València,Los Serranos,46041,Aras de los Olmos
Valencia/València,La Vall d'Albaida,46042,Aielo de Malferit
Valencia/València,La Vall d'Albaida,46043,Aielo de Rugat
Valencia/València,El Valle de Cofrentes-Ayora,46044,Ayora
Valencia/València,La Costera,46045,Barxeta
Valencia/València,La Safor,46046,Barx
Valencia/València,La Vall d'Albaida,46047,Bèlgida
Valencia/València,La Safor,46048,Bellreguard
Valencia/València,La Vall d'Albaida,46049,Bellús
Valencia/València,Los Serranos,46050,Benagéber
Valencia/València,El Camp de Túria,46051,Benaguasil
Valencia/València,El Camp de Morvedre,46052,Benavites
Valencia/València,La Ribera Alta,46053,Beneixida
Valencia/València,L'Horta Sud,46054,Benetússer
Valencia/València,La Safor,46055,Beniarjó
Valencia/València,La Vall d'Albaida,46056,Beniatjar
Valencia/València,La Vall d'Albaida,46057,Benicolet
Valencia/València,El Camp de Morvedre,46058,Benifairó de les Valls
Valencia/València,La Safor,46059,Benifairó de la Valldigna
Valencia/València,La Ribera Alta,46060,Benifaió
Valencia/València,La Safor,46061,Beniflá
Valencia/València,La Vall d'Albaida,46062,Benigànim
Valencia/València,La Ribera Alta,46063,Benimodo
Valencia/València,La Ribera Alta,46064,Benimuslem
Valencia/València,L'Horta Sud,46065,Beniparrell
Valencia/València,La Safor,46066,Benirredrà
Valencia/València,El Camp de Túria,46067,Benissanó
Valencia/València,La Vall d'Albaida,46068,Benissoda
Valencia/València,La Vall d'Albaida,46069,Benissuera
Valencia/València,El Camp de Túria,46070,Bétera
Valencia/València,La Canal de Navarrés,46071,Bicorp
Valencia/València,La Vall d'Albaida,46072,Bocairent
Valencia/València,La Canal de Navarrés,46073,Bolbaite
Valencia/València,L'Horta Nord,46074,Bonrepòs i Mirambell
Valencia/València,La Vall d'Albaida,46075,Bufali
Valencia/València,Los Serranos,46076,Bugarra
Valencia/València,La Hoya de Buñol,46077,Buñol
Valencia/València,L'Horta Nord,46078,Burjassot
Valencia/València,Los Serranos,46079,Calles
Valencia/València,La Plana de Utiel-Requena,46080,Camporrobles
Valencia/València,La Costera,46081,Canals
Valencia/València,El Camp de Morvedre,46082,Canet d'En Berenguer
Valencia/València,La Ribera Alta,46083,Carcaixent
Valencia/València,La Ribera Alta,46084,Càrcer
Valencia/València,La Ribera Alta,46085,Carlet
Valencia/València,La Vall d'Albaida,46086,Carrícola
Valencia/València,El Rincón de Ademuz,46087,Casas Altas
Valencia/València,El Rincón de Ademuz,46088,Casas Bajas
Valencia/València,El Camp de Túria,46089,Casinos
Valencia/València,La Vall d'Albaida,46090,Castelló de Rugat
Valencia/València,La Safor,46091,Castellonet de la Conquesta
Valencia/València,El Rincón de Ademuz,46092,Castielfabib
Valencia/València,La Ribera Alta,46093,Catadau
Valencia/València,L'Horta Sud,46094,Catarroja
Valencia/València,La Plana de Utiel-Requena,46095,Caudete de las Fuentes
Valencia/València,La Costera,46096,Cerdà
Valencia/València,El Valle de Cofrentes-Ayora,46097,Cofrentes
Valencia/València,La Ribera Baixa,46098,Corbera
Valencia/València,El Valle de Cofrentes-Ayora,46099,Cortes de Pallás
Valencia/València,La Ribera Alta,46100,Cotes
Valencia/València,El Camp de Morvedre,46101,Quart de les Valls
Valencia/València,L'Horta Sud,46102,Quart de Poblet
Valencia/València,El Camp de Morvedre,46103,Quartell
Valencia/València,La Vall d'Albaida,46104,Quatretonda
Valencia/València,La Ribera Baixa,46105,Cullera
Valencia/València,Los Serranos,46106,Chelva
Valencia/València,La Canal de Navarrés,46107,Chella
Valencia/València,La Plana de Utiel-Requena,46108,Chera
Valencia/València,La Hoya de Buñol,46109,Cheste
Valencia/València,L'Horta Sud,46110,Xirivella
Valencia/València,La Hoya de Buñol,46111,Chiva
Valencia/València,Los Serranos,46112,Chulilla
Valencia/València,La Safor,46113,Daimús
Valencia/València,Los Serranos,46114,Domeño
Valencia/València,La Hoya de Buñol,46115,Dos Aguas
Valencia/València,El Camp de Túria,46116,"Eliana, l'"
Valencia/València,L'Horta Nord,46117,Emperador
Valencia/València,La Canal de Navarrés,46118,Enguera
Valencia/València,La Ribera Alta,46119,"Énova, l'"
Valencia/València,El Camp de Morvedre,46120,Estivella
Valencia/València,La Costera,46121,Estubeny
Valencia/València,El Camp de Morvedre,46122,Faura
Valencia/València,La Ribera Baixa,46123,Favara
Valencia/València,La Vall d'Albaida,46124,Fontanars dels Alforins
Valencia/València,La Ribera Baixa,46125,Fortaleny
Valencia/València,L'Horta Nord,46126,Foios
Valencia/València,La Safor,46127,"Font d'en Carròs, la"
Valencia/València,La Costera,46128,"Font de la Figuera, la"
Valencia/València,La Plana de Utiel-Requena,46129,Fuenterrobles
Valencia/València,La Ribera Alta,46130,Gavarda
Valencia/València,La Safor,46131,Gandia
Valencia/València,La Costera,46132,"Genovés, el"
Valencia/València,Los Serranos,46133,Gestalgar
Valencia/València,El Camp de Morvedre,46134,Gilet
Valencia/València,L'Horta Nord,46135,Godella
Valencia/València,La Hoya de Buñol,46136,Godelleta
Valencia/València,La Costera,46137,"Granja de la Costera, la"
Valencia/València,La Vall d'Albaida,46138,Guadasséquies
Valencia/València,La Ribera Alta,46139,Guadassuar
Valencia/València,La Safor,46140,Guardamar de la Safor
Valencia/València,Los Serranos,46141,Higueruelas
Valencia/València,El Valle de Cofrentes-Ayora,46142,Jalance
Valencia/València,La Safor,46143,Xeraco
Valencia/València,El Valle de Cofrentes-Ayora,46144,Jarafuel
Valencia/València,La Costera,46145,Xàtiva
Valencia/València,La Safor,46146,Xeresa
Valencia/València,El Camp de Túria,46147,Llíria
Valencia/València,El Camp de Túria,46148,Loriguilla
Valencia/València,Los Serranos,46149,Losa del Obispo
Valencia/València,La Vall d'Albaida,46150,Llutxent
Valencia/València,La Costera,46151,Llocnou d'En Fenollet
Valencia/València,L'Horta Sud,46152,Llocnou de la Corona
Valencia/València,La Safor,46153,Llocnou de Sant Jeroni
Valencia/València,La Costera,46154,Llanera de Ranes
Valencia/València,La Ribera Baixa,46155,Llaurí
Valencia/València,La Ribera Alta,46156,Llombai
Valencia/València,La Costera,46157,"Llosa de Ranes, la"
Valencia/València,La Hoya de Buñol,46158,Macastre
Valencia/València,L'Horta Sud,46159,Manises
Valencia/València,La Ribera Alta,46160,Manuel
Valencia/València,El Camp de Túria,46161,Marines
Valencia/València,La Ribera Alta,46162,Massalavés
Valencia/València,L'Horta Nord,46163,Massalfassar
Valencia/València,L'Horta Nord,46164,Massamagrell
Valencia/València,L'Horta Sud,46165,Massanassa
Valencia/València,L'Horta Nord,46166,Meliana
Valencia/València,La Canal de Navarrés,46167,Millares
Valencia/València,La Safor,46168,Miramar
Valencia/València,L'Horta Sud,46169,Mislata
Valencia/València,La Costera,46170,Moixent/Mogente
Valencia/València,L'Horta Nord,46171,Moncada
Valencia/València,La Ribera Alta,46172,Montserrat
Valencia/València,La Vall d'Albaida,46173,Montaverner
Valencia/València,La Costera,46174,Montesa
Valencia/València,La Vall d'Albaida,46175,Montitxelvo/Montichelvo
Valencia/València,La Ribera Alta,46176,Montroi/Montroy
Valencia/València,L'Horta Nord,46177,Museros
Valencia/València,El Camp de Túria,46178,Nàquera/Náquera
Valencia/València,La Canal de Navarrés,46179,Navarrés
Valencia/València,La Costera,46180,Novetlè
Valencia/València,La Safor,46181,Oliva
Valencia/València,El Camp de Túria,46182,Olocau
Valencia/València,La Vall d'Albaida,46183,"Olleria, l'"
Valencia/València,La Vall d'Albaida,46184,Ontinyent
Valencia/València,La Vall d'Albaida,46185,Otos
Valencia/València,L'Horta Sud,46186,Paiporta
Valencia/València,La Safor,46187,Palma de Gandía
Valencia/València,La Safor,46188,Palmera
Valencia/València,La Vall d'Albaida,46189,"Palomar, el"
Valencia/València,L'Horta Nord,46190,Paterna
Valencia/València,Los Serranos,46191,Pedralba
Valencia/València,El Camp de Morvedre,46192,Petrés
Valencia/València,L'Horta Sud,46193,Picanya
Valencia/València,L'Horta Sud,46194,Picassent
Valencia/València,La Safor,46195,Piles
Valencia/València,La Vall d'Albaida,46196,Pinet
Valencia/València,La Ribera Baixa,46197,Polinyà de Xúquer
Valencia/València,La Safor,46198,Potries
Valencia/València,L'Horta Nord,46199,"Pobla de Farnals, la"
Valencia/València,La Vall d'Albaida,46200,"Pobla del Duc, la"
Valencia/València,El Rincón de Ademuz,46201,Puebla de San Miguel
Valencia/València,El Camp de Túria,46202,"Pobla de Vallbona, la"
Valencia/València,La Ribera Alta,46203,"Pobla Llarga, la"
Valencia/València,L'Horta Nord,46204,"Puig de Santa Maria, el"
Valencia/València,L'Horta Nord,46205,Puçol
Valencia/València,La Canal de Navarrés,46206,Quesa
Valencia/València,L'Horta Nord,46207,Rafelbunyol
Valencia/València,La Safor,46208,Rafelcofer
Valencia/València,La Ribera Alta,46209,Rafelguaraf
Valencia/València,La Vall d'Albaida,46210,Ráfol de Salem
Valencia/València,La Safor,46211,"Real de Gandia, el"
Valencia/València,La Ribera Alta,46212,Real
Valencia/València,La Plana de Utiel-Requena,46213,Requena
Valencia/València,El Camp de Túria,46214,Riba-roja de Túria
Valencia/València,La Ribera Baixa,46215,Riola
Valencia/València,L'Horta Nord,46216,Rocafort
Valencia/València,La Costera,46217,Rotglà i Corberà
Valencia/València,La Safor,46218,Ròtova
Valencia/València,La Vall d'Albaida,46219,Rugat
Valencia/València,El Camp de Morvedre,46220,Sagunt/Sagunto
Valencia/València,La Vall d'Albaida,46221,Salem
Valencia/València,La Ribera Alta,46222,Sant Joanet
Valencia/València,L'Horta Sud,46223,Sedaví
Valencia/València,El Camp de Morvedre,46224,Segart
Valencia/València,La Ribera Alta,46225,Sellent
Valencia/València,La Vall d'Albaida,46226,Sempere
Valencia/València,La Ribera Alta,46227,Senyera
Valencia/València,El Camp de Túria,46228,Serra
Valencia/València,La Hoya de Buñol,46229,Siete Aguas
Valencia/València,L'Horta Sud,46230,Silla
Valencia/València,La Safor,46231,Simat de la Valldigna
Valencia/València,La Plana de Utiel-Requena,46232,Sinarcas
Valencia/València,La Ribera Baixa,46233,Sollana
Valencia/València,Los Serranos,46234,Sot de Chera
Valencia/València,La Ribera Baixa,46235,Sueca
Valencia/València,La Ribera Alta,46236,Sumacàrcer
Valencia/València,L'Horta Nord,46237,Tavernes Blanques
Valencia/València,La Safor,46238,Tavernes de la Valldigna
Valencia/València,El Valle de Cofrentes-Ayora,46239,Teresa de Cofrentes
Valencia/València,La Vall d'Albaida,46240,Terrateig
Valencia/València,Los Serranos,46241,Titaguas
Valencia/València,El Rincón de Ademuz,46242,Torrebaja
Valencia/València,La Costera,46243,Torrella
Valencia/València,L'Horta Sud,46244,Torrent
Valencia/València,El Camp de Morvedre,46245,Torres Torres
Valencia/València,La Ribera Alta,46246,Tous
Valencia/València,Los Serranos,46247,Tuéjar
Valencia/València,La Ribera Alta,46248,Turís
Valencia/València,La Plana de Utiel-Requena,46249,Utiel
Valencia/València,València,46250,València
Valencia/València,La Costera,46251,Vallada
Valencia/València,El Rincón de Ademuz,46252,Vallanca
Valencia/València,La Costera,46253,Vallés
Valencia/València,La Plana de Utiel-Requena,46254,Venta del Moro
Valencia/València,La Safor,46255,Vilallonga/Villalonga
Valencia/València,El Camp de Túria,46256,Vilamarxant
Valencia/València,La Ribera Alta,46257,Castelló
Valencia/València,Los Serranos,46258,Villar del Arzobispo
Valencia/València,La Plana de Utiel-Requena,46259,Villargordo del Cabriel
Valencia/València,L'Horta Nord,46260,Vinalesa
Valencia/València,La Hoya de Buñol,46261,Yátova
Valencia/València,Los Serranos,46262,"Yesa, La"
Valencia/València,El Valle de Cofrentes-Ayora,46263,Zarra
Valencia/València,El Camp de Túria,46902,Gátova
Valencia/València,El Camp de Túria,46903,San Antonio de Benagéber
Valencia/València,La Ribera Baixa,46904,Benicull de Xúquer
